time,bid,ask,mid_price,inventory,executed price,pnl
1,0.9503047635107198,1.0503047635107199,1.0361645555018582,1,0.9503047635107198,-0.9503047635107198
2,1.0361645555018582,1.0361645555018582,1.0559013584077945,2,1.0361645555018582,-1.986469319012578
3,1.1059013584077946,1.0059013584077945,1.10346359357147,1,1.0059013584077945,-0.9805679606047835
4,1.10346359357147,1.10346359357147,1.1295775637705054,0,1.10346359357147,0.1228956329666866
5,1.0795775637705054,1.1795775637705055,1.09238892703806,0,,0.1228956329666866
6,1.04238892703806,1.14238892703806,1.0874275208276167,0,,0.1228956329666866
7,1.0374275208276167,1.1374275208276168,1.130104019712477,1,1.0374275208276167,-0.9145318878609301
8,1.130104019712477,1.130104019712477,1.1444905317205434,2,1.130104019712477,-2.044635907573407
9,1.1944905317205434,1.0944905317205433,1.1388319516032765,3,1.1944905317205434,-3.2391264392939503
10,1.2388319516032764,1.0388319516032767,1.1115558237817542,3,,-3.2391264392939503
11,1.211555823781754,1.0115558237817543,1.0679375493921717,2,1.0115558237817543,-2.227570615512196
12,1.1179375493921717,1.0179375493921716,1.1007006665914298,3,1.1179375493921717,-3.3455081649043676
13,1.20070066659143,1.0007006665914298,1.1265094405999672,2,1.0007006665914298,-2.344807498312938
14,1.1765094405999672,1.0765094405999671,1.111962037412954,3,1.1765094405999672,-3.5213169389129053
15,1.2119620374129538,1.011962037412954,1.1512741495451737,2,1.011962037412954,-2.509354901499951
16,1.2012741495451738,1.1012741495451737,1.17911249925255,2,,-2.509354901499951
17,1.22911249925255,1.1291124992525499,1.1757845996252534,2,,-2.509354901499951
18,1.2257845996252534,1.1257845996252533,1.1301649762039763,1,1.1257845996252533,-1.3835703018746979
19,1.1301649762039763,1.1301649762039763,1.1484698715282218,2,1.1301649762039763,-2.5137352780786744
20,1.1984698715282218,1.0984698715282217,1.1729460871190034,1,1.0984698715282217,-1.4152654065504526
21,1.1729460871190034,1.1729460871190034,1.1555286229328185,2,1.1729460871190034,-2.588211493669456
22,1.2055286229328186,1.1055286229328185,1.1425745935363054,2,,-2.588211493669456
23,1.1925745935363055,1.0925745935363054,1.111521729444734,1,1.0925745935363054,-1.4956369001331504
24,1.111521729444734,1.111521729444734,1.0745138799782812,2,1.111521729444734,-2.607158629577884
25,1.1245138799782812,1.0245138799782811,1.0472048148833697,2,,-2.607158629577884
26,1.0972048148833697,0.9972048148833698,1.0641862143516208,3,1.0972048148833697,-3.704363444461254
27,1.1641862143516208,0.9641862143516208,1.0974540339574046,3,,-3.704363444461254
28,1.1974540339574045,0.9974540339574046,1.1174805441576294,4,1.1974540339574045,-4.901817478418659
29,1.2674805441576293,0.9674805441576295,1.1507065242971495,3,0.9674805441576295,-3.9343369342610295
30,1.2507065242971493,1.0507065242971496,1.1811829600468298,2,1.0507065242971496,-2.88363040996388
31,1.2311829600468298,1.1311829600468297,1.1600157704398542,2,,-2.88363040996388
32,1.2100157704398542,1.110015770439854,1.1782653208373517,3,1.2100157704398542,-4.093646180403734
33,1.2782653208373516,1.0782653208373518,1.1482561410848626,4,1.2782653208373516,-5.371911501241086
34,1.2982561410848625,0.9982561410848627,1.0989923680599631,3,0.9982561410848627,-4.373655360156223
35,1.198992368059963,0.9989923680599632,1.1154774537191663,3,,-4.373655360156223
36,1.2154774537191662,1.0154774537191664,1.1359939915817998,3,,-4.373655360156223
37,1.2359939915818,1.0359939915817997,1.1318855691356338,2,1.0359939915817997,-3.3376613685744236
38,1.1818855691356338,1.0818855691356337,1.138759688730923,2,,-3.3376613685744236
39,1.188759688730923,1.088759688730923,1.1002126960845204,1,1.088759688730923,-2.2489016798435006
40,1.1002126960845204,1.1002126960845204,1.1170529922635677,0,1.1002126960845204,-1.1486889837589802
41,1.0670529922635676,1.1670529922635677,1.1235766029116865,1,1.0670529922635676,-2.2157419760225476
42,1.1235766029116865,1.1235766029116865,1.150076488653289,2,1.1235766029116865,-3.3393185789342343
43,1.200076488653289,1.100076488653289,1.1554344287190885,3,1.200076488653289,-4.539395067587524
44,1.2554344287190884,1.0554344287190887,1.16135514479363,4,1.2554344287190884,-5.794829496306612
45,1.3113551447936298,1.01135514479363,1.1144369282504238,4,,-5.794829496306612
46,1.2644369282504238,0.9644369282504239,1.10810866717366,3,0.9644369282504239,-4.830392568056188
47,1.20810866717366,1.0081086671736599,1.0989615315461236,3,,-4.830392568056188
48,1.1989615315461237,0.9989615315461237,1.1343018388729402,2,0.9989615315461237,-3.831431036510064
49,1.1843018388729403,1.0843018388729402,1.0901321130418469,1,1.0843018388729402,-2.7471291976371237
50,1.0901321130418469,1.0901321130418469,1.0682705022440466,0,1.0901321130418469,-1.6569970845952768
51,1.0182705022440466,1.1182705022440467,1.084462153716736,0,,-1.6569970845952768
52,1.034462153716736,1.134462153716736,1.090165368950864,-1,1.134462153716736,-0.5225349308785407
53,0.9901653689508638,1.190165368950864,1.1065967229836027,-1,,-0.5225349308785407
54,1.0065967229836026,1.2065967229836028,1.0972354091276098,-1,,-0.5225349308785407
55,0.9972354091276097,1.1972354091276098,1.0639327011183801,-1,,-0.5225349308785407
56,0.96393270111838,1.1639327011183802,1.0162039084317662,-1,,-0.5225349308785407
57,0.9162039084317661,1.1162039084317663,1.0384398434914113,-2,1.1162039084317663,0.5936689775532256
58,0.8884398434914113,1.1884398434914114,1.03462756651655,-2,,0.5936689775532256
59,0.8846275665165501,1.1846275665165502,1.0347320440268863,-2,,0.5936689775532256
60,0.8847320440268863,1.1847320440268865,0.9999632542982032,-2,,0.5936689775532256
61,0.8499632542982032,1.1499632542982032,0.9945788818556063,-2,,0.5936689775532256
62,0.8445788818556063,1.1445788818556064,0.9826810044652545,-2,,0.5936689775532256
63,0.8326810044652545,1.1326810044652547,0.9957092637771434,-2,,0.5936689775532256
64,0.8457092637771434,1.1457092637771435,0.9818905248324825,-2,,0.5936689775532256
65,0.8318905248324825,1.1318905248324826,0.9436911150445341,-2,,0.5936689775532256
66,0.793691115044534,1.093691115044534,0.9898808814994855,-2,,0.5936689775532256
67,0.8398808814994855,1.1398808814994856,1.0098515948805604,-2,,0.5936689775532256
68,0.8598515948805604,1.1598515948805606,0.9864385910265123,-2,,0.5936689775532256
69,0.8364385910265123,1.1364385910265125,1.0143136814230918,-2,,0.5936689775532256
70,0.8643136814230917,1.1643136814230919,1.0360027003389913,-2,,0.5936689775532256
71,0.8860027003389913,1.1860027003389915,1.0132268565235072,-2,,0.5936689775532256
72,0.8632268565235072,1.1632268565235073,0.9728659527388571,-2,,0.5936689775532256
73,0.8228659527388571,1.1228659527388571,0.9684435817222182,-2,,0.5936689775532256
74,0.8184435817222182,1.1184435817222182,0.9386799182017412,-2,,0.5936689775532256
75,0.7886799182017412,1.0886799182017413,0.9466018750959309,-2,,0.5936689775532256
76,0.7966018750959308,1.096601875095931,0.914279153389854,-2,,0.5936689775532256
77,0.764279153389854,1.0642791533898541,0.940131106373375,-2,,0.5936689775532256
78,0.790131106373375,1.0901311063733752,0.9620774019684687,-2,,0.5936689775532256
79,0.8120774019684687,1.1120774019684687,0.9748082860387131,-2,,0.5936689775532256
80,0.824808286038713,1.1248082860387132,0.9832180829299866,-2,,0.5936689775532256
81,0.8332180829299866,1.1332180829299867,0.9416625150439755,-2,,0.5936689775532256
82,0.7916625150439754,1.0916625150439756,0.9332432552610365,-2,,0.5936689775532256
83,0.7832432552610364,1.0832432552610365,0.9326423371854884,-2,,0.5936689775532256
84,0.7826423371854884,1.0826423371854885,0.9156284584187669,-2,,0.5936689775532256
85,0.7656284584187669,1.065628458418767,0.8759687551910221,-2,,0.5936689775532256
86,0.7259687551910221,1.0259687551910222,0.8847332124087933,-2,,0.5936689775532256
87,0.7347332124087933,1.0347332124087933,0.927245224246473,-2,,0.5936689775532256
88,0.777245224246473,1.0772452242464732,0.9353513382165125,-2,,0.5936689775532256
89,0.7853513382165125,1.0853513382165125,0.9444428873646542,-2,,0.5936689775532256
90,0.7944428873646542,1.0944428873646543,0.8967232744676239,-2,,0.5936689775532256
91,0.7467232744676239,1.046723274467624,0.8949536181619139,-2,,0.5936689775532256
92,0.7449536181619139,1.044953618161914,0.9232271408869425,-2,,0.5936689775532256
93,0.7732271408869424,1.0732271408869425,0.9218929739707585,-2,,0.5936689775532256
94,0.7718929739707585,1.0718929739707586,0.9209636734062107,-2,,0.5936689775532256
95,0.7709636734062106,1.0709636734062107,0.9281364786438182,-2,,0.5936689775532256
96,0.7781364786438182,1.0781364786438183,0.9254854187495136,-2,,0.5936689775532256
97,0.7754854187495136,1.0754854187495138,0.9086423184837689,-2,,0.5936689775532256
98,0.7586423184837688,1.058642318483769,0.9107095587309226,-2,,0.5936689775532256
99,0.7607095587309226,1.0607095587309228,0.8628707667189557,-2,,0.5936689775532256
100,0.7128707667189557,1.0128707667189558,0.8954999591383914,-2,,0.5936689775532256
101,0.7454999591383914,1.0454999591383916,0.8595248680382525,-2,,0.5936689775532256
102,0.7095248680382524,1.0095248680382525,0.8649284823921574,-2,,0.5936689775532256
103,0.7149284823921573,1.0149284823921574,0.8821524916961385,-2,,0.5936689775532256
104,0.7321524916961385,1.0321524916961387,0.8602758700800394,-2,,0.5936689775532256
105,0.7102758700800393,1.0102758700800394,0.8829753315087276,-2,,0.5936689775532256
106,0.7329753315087276,1.0329753315087278,0.9098400807004934,-2,,0.5936689775532256
107,0.7598400807004934,1.0598400807004935,0.9514412652142542,-2,,0.5936689775532256
108,0.8014412652142542,1.1014412652142542,0.9244626643037422,-2,,0.5936689775532256
109,0.7744626643037422,1.0744626643037423,0.9299479112428906,-2,,0.5936689775532256
110,0.7799479112428905,1.0799479112428907,0.9170401396291344,-2,,0.5936689775532256
111,0.7670401396291344,1.0670401396291345,0.9478652868355646,-2,,0.5936689775532256
112,0.7978652868355646,1.0978652868355647,0.9295791761178361,-2,,0.5936689775532256
113,0.7795791761178361,1.0795791761178362,0.908670959931848,-2,,0.5936689775532256
114,0.758670959931848,1.058670959931848,0.9101766728550195,-2,,0.5936689775532256
115,0.7601766728550194,1.0601766728550195,0.9537810298599158,-2,,0.5936689775532256
116,0.8037810298599157,1.1037810298599158,0.9202418116181176,-2,,0.5936689775532256
117,0.7702418116181176,1.0702418116181176,0.9137515176184213,-2,,0.5936689775532256
118,0.7637515176184213,1.0637515176184213,0.962989074024005,-2,,0.5936689775532256
119,0.812989074024005,1.1129890740240052,0.9878498759697,-2,,0.5936689775532256
120,0.8378498759697,1.1378498759697,1.0269291250575525,-2,,0.5936689775532256
121,0.8769291250575525,1.1769291250575526,1.0288149610961974,-2,,0.5936689775532256
122,0.8788149610961974,1.1788149610961975,1.0104078662792768,-2,,0.5936689775532256
123,0.8604078662792768,1.160407866279277,1.0265739925960529,-2,,0.5936689775532256
124,0.8765739925960528,1.176573992596053,1.013939765483424,-2,,0.5936689775532256
125,0.8639397654834239,1.163939765483424,1.0386187266183264,-2,,0.5936689775532256
126,0.8886187266183264,1.1886187266183266,1.0148647782106128,-2,,0.5936689775532256
127,0.8648647782106128,1.164864778210613,0.9889618357111813,-2,,0.5936689775532256
128,0.8389618357111813,1.1389618357111815,0.95123762895233,-2,,0.5936689775532256
129,0.80123762895233,1.10123762895233,0.9165660606147794,-2,,0.5936689775532256
130,0.7665660606147794,1.0665660606147795,0.8844928914305533,-2,,0.5936689775532256
131,0.7344928914305533,1.0344928914305533,0.9219490955142997,-2,,0.5936689775532256
132,0.7719490955142997,1.0719490955142998,0.891592562085757,-2,,0.5936689775532256
133,0.741592562085757,1.0415925620857571,0.9193330459098747,-2,,0.5936689775532256
134,0.7693330459098747,1.0693330459098749,0.9665156885159715,-2,,0.5936689775532256
135,0.8165156885159714,1.1165156885159715,0.9309054387710965,-2,,0.5936689775532256
136,0.7809054387710965,1.0809054387710966,0.8822990675419167,-2,,0.5936689775532256
137,0.7322990675419166,1.0322990675419168,0.8454812893205688,-2,,0.5936689775532256
138,0.6954812893205687,0.9954812893205688,0.8632471566818545,-2,,0.5936689775532256
139,0.7132471566818545,1.0132471566818546,0.8638801498439178,-2,,0.5936689775532256
140,0.7138801498439178,1.0138801498439178,0.8833063934082065,-2,,0.5936689775532256
141,0.7333063934082065,1.0333063934082065,0.8532839585742122,-2,,0.5936689775532256
142,0.7032839585742122,1.0032839585742124,0.8836964111924385,-2,,0.5936689775532256
143,0.7336964111924384,1.0336964111924385,0.9075948115839927,-2,,0.5936689775532256
144,0.7575948115839927,1.0575948115839928,0.8707005867397241,-2,,0.5936689775532256
145,0.720700586739724,1.020700586739724,0.9134568418403748,-2,,0.5936689775532256
146,0.7634568418403748,1.063456841840375,0.9032146612228689,-2,,0.5936689775532256
147,0.7532146612228688,1.053214661222869,0.9020730657580222,-2,,0.5936689775532256
148,0.7520730657580221,1.0520730657580222,0.9183594870343804,-2,,0.5936689775532256
149,0.7683594870343804,1.0683594870343804,0.8970041097225859,-2,,0.5936689775532256
150,0.7470041097225859,1.047004109722586,0.9394849526537886,-2,,0.5936689775532256
151,0.7894849526537886,1.0894849526537886,0.9450047568864711,-2,,0.5936689775532256
152,0.7950047568864711,1.0950047568864711,0.9584022680545796,-2,,0.5936689775532256
153,0.8084022680545796,1.1084022680545798,0.9224362277609709,-2,,0.5936689775532256
154,0.7724362277609709,1.072436227760971,0.9143476596926012,-2,,0.5936689775532256
155,0.7643476596926012,1.0643476596926014,0.9239519150160385,-2,,0.5936689775532256
156,0.7739519150160384,1.0739519150160386,0.9672542371760596,-2,,0.5936689775532256
157,0.8172542371760596,1.1172542371760597,0.9639923973315888,-2,,0.5936689775532256
158,0.8139923973315888,1.1139923973315888,0.9924687422568076,-2,,0.5936689775532256
159,0.8424687422568076,1.1424687422568076,0.9533831419333811,-2,,0.5936689775532256
160,0.8033831419333811,1.1033831419333813,0.9863260034216548,-2,,0.5936689775532256
161,0.8363260034216548,1.136326003421655,0.9595900776182982,-2,,0.5936689775532256
162,0.8095900776182982,1.1095900776182983,0.9626670366782035,-2,,0.5936689775532256
163,0.8126670366782035,1.1126670366782037,0.9994409320558046,-2,,0.5936689775532256
164,0.8494409320558046,1.1494409320558048,1.0097516477896773,-2,,0.5936689775532256
165,0.8597516477896773,1.1597516477896774,0.9971700521303956,-2,,0.5936689775532256
166,0.8471700521303955,1.1471700521303956,0.9897582607677465,-2,,0.5936689775532256
167,0.8397582607677465,1.1397582607677466,1.026507323942979,-2,,0.5936689775532256
168,0.8765073239429789,1.176507323942979,1.021897012150609,-2,,0.5936689775532256
169,0.871897012150609,1.1718970121506092,0.9955632484503671,-2,,0.5936689775532256
170,0.8455632484503671,1.1455632484503673,1.0201646764747119,-2,,0.5936689775532256
171,0.8701646764747119,1.170164676474712,0.9806924844601244,-2,,0.5936689775532256
172,0.8306924844601243,1.1306924844601245,0.9373483701556422,-2,,0.5936689775532256
173,0.7873483701556422,1.0873483701556423,0.901965694574912,-2,,0.5936689775532256
174,0.751965694574912,1.051965694574912,0.9344321136205462,-2,,0.5936689775532256
175,0.7844321136205462,1.0844321136205464,0.8988193069176605,-2,,0.5936689775532256
176,0.7488193069176605,1.0488193069176606,0.9409163541664056,-2,,0.5936689775532256
177,0.7909163541664056,1.0909163541664058,0.9193883624001992,-2,,0.5936689775532256
178,0.7693883624001991,1.0693883624001992,0.884749701919405,-2,,0.5936689775532256
179,0.734749701919405,1.0347497019194052,0.8368645035530491,-2,,0.5936689775532256
180,0.6868645035530491,0.9868645035530491,0.7924040444694751,-2,,0.5936689775532256
181,0.6424040444694751,0.9424040444694751,0.7477422377321926,-2,,0.5936689775532256
182,0.5977422377321926,0.8977422377321926,0.7568566193432897,-2,,0.5936689775532256
183,0.6068566193432897,0.9068566193432898,0.7462196650264925,-2,,0.5936689775532256
184,0.5962196650264925,0.8962196650264925,0.7280187747216974,-2,,0.5936689775532256
185,0.5780187747216974,0.8780187747216974,0.7655192689451582,-2,,0.5936689775532256
186,0.6155192689451582,0.9155192689451582,0.8006324316273788,-2,,0.5936689775532256
187,0.6506324316273788,0.9506324316273789,0.7687822725870312,-2,,0.5936689775532256
188,0.6187822725870312,0.9187822725870313,0.7424567596974708,-2,,0.5936689775532256
189,0.5924567596974708,0.8924567596974708,0.7495800248717481,-2,,0.5936689775532256
190,0.5995800248717481,0.8995800248717482,0.7412062674420674,-2,,0.5936689775532256
191,0.5912062674420674,0.8912062674420674,0.7285676812880246,-2,,0.5936689775532256
192,0.5785676812880246,0.8785676812880246,0.7309429761597883,-2,,0.5936689775532256
193,0.5809429761597883,0.8809429761597883,0.7642888315386442,-2,,0.5936689775532256
194,0.6142888315386442,0.9142888315386443,0.7194850181851546,-2,,0.5936689775532256
195,0.5694850181851546,0.8694850181851547,0.6793963323431422,-2,,0.5936689775532256
196,0.5293963323431422,0.8293963323431423,0.7137538275029175,-2,,0.5936689775532256
197,0.5637538275029175,0.8637538275029175,0.7617108955615768,-2,,0.5936689775532256
198,0.6117108955615768,0.9117108955615768,0.7919134835889361,-2,,0.5936689775532256
199,0.6419134835889361,0.9419134835889361,0.8061618111884908,-2,,0.5936689775532256
200,0.6561618111884908,0.9561618111884909,0.8340614466463038,-2,,0.5936689775532256
201,0.6840614466463038,0.9840614466463038,0.8376682502410675,-2,,0.5936689775532256
202,0.6876682502410675,0.9876682502410675,0.839090537260109,-2,,0.5936689775532256
203,0.6890905372601089,0.989090537260109,0.8353704738194605,-2,,0.5936689775532256
204,0.6853704738194605,0.9853704738194605,0.8238794234294958,-2,,0.5936689775532256
205,0.6738794234294958,0.9738794234294958,0.8005257551795805,-2,,0.5936689775532256
206,0.6505257551795804,0.9505257551795805,0.7645025962749762,-2,,0.5936689775532256
207,0.6145025962749762,0.9145025962749762,0.7561915331344646,-2,,0.5936689775532256
208,0.6061915331344646,0.9061915331344647,0.729448527187352,-2,,0.5936689775532256
209,0.579448527187352,0.879448527187352,0.7160877721699768,-2,,0.5936689775532256
210,0.5660877721699767,0.8660877721699768,0.6988373286112313,-2,,0.5936689775532256
211,0.5488373286112312,0.8488373286112313,0.7174116631568258,-2,,0.5936689775532256
212,0.5674116631568258,0.8674116631568258,0.6970993106139544,-2,,0.5936689775532256
213,0.5470993106139543,0.8470993106139544,0.7387341125677721,-2,,0.5936689775532256
214,0.5887341125677721,0.8887341125677721,0.7368251553977799,-2,,0.5936689775532256
215,0.5868251553977799,0.88682515539778,0.7403686343807803,-2,,0.5936689775532256
216,0.5903686343807802,0.8903686343807803,0.7752246832581428,-2,,0.5936689775532256
217,0.6252246832581427,0.9252246832581428,0.8056638660528505,-2,,0.5936689775532256
218,0.6556638660528504,0.9556638660528505,0.8089360936594244,-2,,0.5936689775532256
219,0.6589360936594244,0.9589360936594244,0.7877516550776706,-2,,0.5936689775532256
220,0.6377516550776706,0.9377516550776707,0.8112409713086998,-2,,0.5936689775532256
221,0.6612409713086997,0.9612409713086998,0.8307207841905496,-2,,0.5936689775532256
222,0.6807207841905496,0.9807207841905496,0.866792691023139,-2,,0.5936689775532256
223,0.716792691023139,1.016792691023139,0.878230665077331,-2,,0.5936689775532256
224,0.728230665077331,1.0282306650773312,0.8377402399003245,-2,,0.5936689775532256
225,0.6877402399003245,0.9877402399003246,0.7961895617826765,-2,,0.5936689775532256
226,0.6461895617826765,0.9461895617826765,0.8397835440527391,-2,,0.5936689775532256
227,0.6897835440527391,0.9897835440527392,0.8856715686436472,-2,,0.5936689775532256
228,0.7356715686436471,1.0356715686436473,0.9157599862521568,-2,,0.5936689775532256
229,0.7657599862521568,1.065759986252157,0.9440223967151116,-2,,0.5936689775532256
230,0.7940223967151115,1.0940223967151117,0.9735338806134202,-2,,0.5936689775532256
231,0.8235338806134201,1.1235338806134203,0.9488722159973388,-2,,0.5936689775532256
232,0.7988722159973388,1.098872215997339,0.9578798055331698,-2,,0.5936689775532256
233,0.8078798055331697,1.1078798055331698,0.9694963755355819,-2,,0.5936689775532256
234,0.8194963755355819,1.119496375535582,0.9366255059448607,-2,,0.5936689775532256
235,0.7866255059448607,1.0866255059448608,0.9438685573482457,-2,,0.5936689775532256
236,0.7938685573482457,1.0938685573482458,0.9404670726463684,-2,,0.5936689775532256
237,0.7904670726463684,1.0904670726463686,0.9668594116470273,-2,,0.5936689775532256
238,0.8168594116470272,1.1168594116470274,0.996783883298234,-2,,0.5936689775532256
239,0.846783883298234,1.146783883298234,1.0067432274504953,-2,,0.5936689775532256
240,0.8567432274504952,1.1567432274504954,1.0498668510195055,-2,,0.5936689775532256
241,0.8998668510195055,1.1998668510195056,1.0115772076095166,-2,,0.5936689775532256
242,0.8615772076095166,1.1615772076095168,0.9703481088005935,-2,,0.5936689775532256
243,0.8203481088005935,1.1203481088005935,0.9622089388796314,-2,,0.5936689775532256
244,0.8122089388796314,1.1122089388796315,0.9896410804938157,-2,,0.5936689775532256
245,0.8396410804938157,1.1396410804938157,0.9730048563266396,-2,,0.5936689775532256
246,0.8230048563266396,1.1230048563266397,1.012841511062793,-2,,0.5936689775532256
247,0.862841511062793,1.1628415110627932,0.9898950051538107,-2,,0.5936689775532256
248,0.8398950051538107,1.1398950051538108,0.9763142069310161,-2,,0.5936689775532256
249,0.8263142069310161,1.1263142069310161,0.9420753717935161,-2,,0.5936689775532256
250,0.7920753717935161,1.092075371793516,0.9068537090477352,-2,,0.5936689775532256
251,0.7568537090477352,1.0568537090477352,0.9006441127676106,-2,,0.5936689775532256
252,0.7506441127676106,1.0506441127676107,0.8889760950453516,-2,,0.5936689775532256
253,0.7389760950453516,1.0389760950453517,0.8942754015706416,-2,,0.5936689775532256
254,0.7442754015706415,1.0442754015706417,0.9378894002544877,-2,,0.5936689775532256
255,0.7878894002544877,1.0878894002544879,0.9358263566669418,-2,,0.5936689775532256
256,0.7858263566669418,1.085826356666942,0.9234623040150244,-2,,0.5936689775532256
257,0.7734623040150244,1.0734623040150244,0.9452383276153887,-2,,0.5936689775532256
258,0.7952383276153887,1.0952383276153888,0.9903577936157728,-2,,0.5936689775532256
259,0.8403577936157728,1.140357793615773,1.0254111615348511,-2,,0.5936689775532256
260,0.8754111615348511,1.1754111615348513,1.039118549933972,-2,,0.5936689775532256
261,0.8891185499339719,1.189118549933972,1.047944349930894,-2,,0.5936689775532256
262,0.897944349930894,1.1979443499308942,1.0665539864414388,-2,,0.5936689775532256
263,0.9165539864414388,1.216553986441439,1.0619857826256136,-2,,0.5936689775532256
264,0.9119857826256136,1.2119857826256137,1.0945257337452456,-2,,0.5936689775532256
265,0.9445257337452456,1.2445257337452458,1.0903805419251007,-2,,0.5936689775532256
266,0.9403805419251007,1.2403805419251008,1.08461195463189,-2,,0.5936689775532256
267,0.93461195463189,1.23461195463189,1.1264561441834453,-2,,0.5936689775532256
268,0.9764561441834453,1.2764561441834454,1.154585547726597,-2,,0.5936689775532256
269,1.0045855477265968,1.304585547726597,1.2042890135103543,-2,,0.5936689775532256
270,1.0542890135103542,1.3542890135103545,1.2422090159411288,-2,,0.5936689775532256
271,1.0922090159411286,1.392209015941129,1.2758986739072227,-2,,0.5936689775532256
272,1.1258986739072225,1.4258986739072228,1.2365406270943609,-2,,0.5936689775532256
273,1.0865406270943607,1.386540627094361,1.2531091007050146,-2,,0.5936689775532256
274,1.1031091007050144,1.4031091007050147,1.2681216022608943,-2,,0.5936689775532256
275,1.1181216022608942,1.4181216022608945,1.3078249421505568,-2,,0.5936689775532256
276,1.1578249421505566,1.457824942150557,1.2607248924710037,-2,,0.5936689775532256
277,1.1107248924710036,1.4107248924710039,1.2250270799876672,-2,,0.5936689775532256
278,1.0750270799876671,1.3750270799876674,1.252703874056889,-2,,0.5936689775532256
279,1.1027038740568889,1.4027038740568891,1.2937676967699776,-2,,0.5936689775532256
280,1.1437676967699775,1.4437676967699777,1.3093946007027266,-2,,0.5936689775532256
281,1.1593946007027265,1.4593946007027268,1.2599375841155966,-2,,0.5936689775532256
282,1.1099375841155965,1.4099375841155968,1.2151033758170366,-2,,0.5936689775532256
283,1.0651033758170365,1.3651033758170368,1.245251556902978,-2,,0.5936689775532256
284,1.095251556902978,1.3952515569029782,1.219106838965717,-2,,0.5936689775532256
285,1.0691068389657168,1.369106838965717,1.174830032981043,-2,,0.5936689775532256
286,1.024830032981043,1.3248300329810432,1.2049264183452106,-2,,0.5936689775532256
287,1.0549264183452105,1.3549264183452108,1.2321372582556487,-2,,0.5936689775532256
288,1.0821372582556485,1.3821372582556488,1.2519493366535124,-2,,0.5936689775532256
289,1.1019493366535122,1.4019493366535125,1.205964466608219,-2,,0.5936689775532256
290,1.0559644666082189,1.3559644666082191,1.1761426776801245,-2,,0.5936689775532256
291,1.0261426776801243,1.3261426776801246,1.176595776699423,-2,,0.5936689775532256
292,1.026595776699423,1.3265957766994232,1.2011145895323074,-2,,0.5936689775532256
293,1.0511145895323073,1.3511145895323076,1.2362276995085009,-2,,0.5936689775532256
294,1.0862276995085007,1.386227699508501,1.20174899875261,-2,,0.5936689775532256
295,1.0517489987526099,1.3517489987526101,1.1710531478395003,-2,,0.5936689775532256
296,1.0210531478395002,1.3210531478395005,1.1481290229712804,-2,,0.5936689775532256
297,0.9981290229712804,1.2981290229712805,1.1961495014611485,-2,,0.5936689775532256
298,1.0461495014611484,1.3461495014611486,1.2073038620588554,-2,,0.5936689775532256
299,1.0573038620588553,1.3573038620588556,1.2189347590516086,-2,,0.5936689775532256
300,1.0689347590516085,1.3689347590516088,1.1731698142096254,-2,,0.5936689775532256
301,1.0231698142096253,1.3231698142096255,1.1941276427196874,-2,,0.5936689775532256
302,1.0441276427196873,1.3441276427196875,1.1614404273619376,-2,,0.5936689775532256
303,1.0114404273619375,1.3114404273619378,1.1297937502499695,-2,,0.5936689775532256
304,0.9797937502499695,1.2797937502499697,1.1777964682053887,-2,,0.5936689775532256
305,1.0277964682053886,1.3277964682053889,1.2062045630395295,-2,,0.5936689775532256
306,1.0562045630395294,1.3562045630395296,1.2198453972503072,-2,,0.5936689775532256
307,1.069845397250307,1.3698453972503073,1.1843584227168122,-2,,0.5936689775532256
308,1.034358422716812,1.3343584227168124,1.2289608680726218,-2,,0.5936689775532256
309,1.0789608680726217,1.378960868072622,1.236762589653376,-2,,0.5936689775532256
310,1.086762589653376,1.3867625896533762,1.2567401841122827,-2,,0.5936689775532256
311,1.1067401841122826,1.4067401841122829,1.3007996250818346,-2,,0.5936689775532256
312,1.1507996250818344,1.4507996250818347,1.2656435240738404,-2,,0.5936689775532256
313,1.1156435240738403,1.4156435240738405,1.256046963147917,-2,,0.5936689775532256
314,1.1060469631479168,1.406046963147917,1.2534638360961787,-2,,0.5936689775532256
315,1.1034638360961786,1.4034638360961789,1.2168732970834553,-2,,0.5936689775532256
316,1.0668732970834551,1.3668732970834554,1.194680851661581,-2,,0.5936689775532256
317,1.0446808516615809,1.3446808516615811,1.187471173029716,-2,,0.5936689775532256
318,1.037471173029716,1.3374711730297162,1.1985699277333788,-2,,0.5936689775532256
319,1.0485699277333786,1.348569927733379,1.189751017391936,-2,,0.5936689775532256
320,1.0397510173919358,1.339751017391936,1.1806293283348057,-2,,0.5936689775532256
321,1.0306293283348056,1.3306293283348058,1.1894599531757066,-2,,0.5936689775532256
322,1.0394599531757065,1.3394599531757068,1.1711640443074305,-2,,0.5936689775532256
323,1.0211640443074304,1.3211640443074306,1.1630040487231166,-2,,0.5936689775532256
324,1.0130040487231164,1.3130040487231167,1.1604173162321336,-2,,0.5936689775532256
325,1.0104173162321335,1.3104173162321338,1.1676631095443453,-2,,0.5936689775532256
326,1.0176631095443451,1.3176631095443454,1.1742402995875374,-2,,0.5936689775532256
327,1.0242402995875373,1.3242402995875375,1.1890351478076584,-2,,0.5936689775532256
328,1.0390351478076583,1.3390351478076585,1.2042784534597615,-2,,0.5936689775532256
329,1.0542784534597613,1.3542784534597616,1.233021675658357,-2,,0.5936689775532256
330,1.0830216756583568,1.383021675658357,1.237936114018325,-2,,0.5936689775532256
331,1.0879361140183248,1.387936114018325,1.2505373621124307,-2,,0.5936689775532256
332,1.1005373621124306,1.4005373621124309,1.236603095557456,-2,,0.5936689775532256
333,1.086603095557456,1.3866030955574562,1.260273664405678,-2,,0.5936689775532256
334,1.1102736644056779,1.4102736644056781,1.2989139530780487,-2,,0.5936689775532256
335,1.1489139530780486,1.4489139530780488,1.2992772455963586,-2,,0.5936689775532256
336,1.1492772455963585,1.4492772455963587,1.3013047570704155,-2,,0.5936689775532256
337,1.1513047570704154,1.4513047570704156,1.2827498262448356,-2,,0.5936689775532256
338,1.1327498262448354,1.4327498262448357,1.3164880624793425,-2,,0.5936689775532256
339,1.1664880624793423,1.4664880624793426,1.2780737349128692,-2,,0.5936689775532256
340,1.128073734912869,1.4280737349128694,1.2352796496201637,-2,,0.5936689775532256
341,1.0852796496201635,1.3852796496201638,1.1908364413108514,-2,,0.5936689775532256
342,1.0408364413108513,1.3408364413108516,1.168897584924217,-2,,0.5936689775532256
343,1.0188975849242168,1.318897584924217,1.1361970294433763,-2,,0.5936689775532256
344,0.9861970294433763,1.2861970294433764,1.1175863664235752,-2,,0.5936689775532256
345,0.9675863664235752,1.2675863664235754,1.0690546507795824,-2,,0.5936689775532256
346,0.9190546507795824,1.2190546507795825,1.101771993231651,-2,,0.5936689775532256
347,0.951771993231651,1.2517719932316511,1.0889981505508057,-2,,0.5936689775532256
348,0.9389981505508057,1.2389981505508059,1.0543594404568692,-2,,0.5936689775532256
349,0.9043594404568692,1.2043594404568694,1.0163266960433588,-2,,0.5936689775532256
350,0.8663266960433588,1.166326696043359,1.002818632151184,-2,,0.5936689775532256
351,0.852818632151184,1.1528186321511842,1.0523650794095478,-2,,0.5936689775532256
352,0.9023650794095478,1.202365079409548,1.0795755685450064,-2,,0.5936689775532256
353,0.9295755685450063,1.2295755685450065,1.0983420734616156,-2,,0.5936689775532256
354,0.9483420734616156,1.2483420734616157,1.118882710010017,-2,,0.5936689775532256
355,0.9688827100100169,1.268882710010017,1.132971573468633,-2,,0.5936689775532256
356,0.982971573468633,1.282971573468633,1.0840443379662006,-2,,0.5936689775532256
357,0.9340443379662006,1.2340443379662007,1.0865531682629268,-2,,0.5936689775532256
358,0.9365531682629268,1.236553168262927,1.0529282986887565,-2,,0.5936689775532256
359,0.9029282986887565,1.2029282986887566,1.0865587277437803,-2,,0.5936689775532256
360,0.9365587277437802,1.2365587277437804,1.1354720280121409,-2,,0.5936689775532256
361,0.9854720280121408,1.285472028012141,1.1693790011003122,-2,,0.5936689775532256
362,1.019379001100312,1.3193790011003124,1.2184111675329394,-2,,0.5936689775532256
363,1.0684111675329393,1.3684111675329396,1.2132357288583746,-2,,0.5936689775532256
364,1.0632357288583745,1.3632357288583747,1.2024930004425667,-2,,0.5936689775532256
365,1.0524930004425666,1.3524930004425668,1.2280260177220412,-2,,0.5936689775532256
366,1.078026017722041,1.3780260177220414,1.2214039204543006,-2,,0.5936689775532256
367,1.0714039204543004,1.3714039204543007,1.1864712178356247,-2,,0.5936689775532256
368,1.0364712178356246,1.3364712178356248,1.1545638830587115,-2,,0.5936689775532256
369,1.0045638830587114,1.3045638830587116,1.1090287919561395,-2,,0.5936689775532256
370,0.9590287919561394,1.2590287919561396,1.0823140204505102,-2,,0.5936689775532256
371,0.9323140204505102,1.2323140204505103,1.0813337746906688,-2,,0.5936689775532256
372,0.9313337746906688,1.231333774690669,1.0899782919921484,-2,,0.5936689775532256
373,0.9399782919921483,1.2399782919921485,1.0483898254478365,-2,,0.5936689775532256
374,0.8983898254478365,1.1983898254478367,1.0227565708534079,-2,,0.5936689775532256
375,0.8727565708534079,1.172756570853408,1.0365154409012538,-2,,0.5936689775532256
376,0.8865154409012538,1.186515440901254,1.0514303459146812,-2,,0.5936689775532256
377,0.9014303459146812,1.2014303459146813,1.077720647818634,-2,,0.5936689775532256
378,0.9277206478186341,1.2277206478186342,1.0335314959907789,-2,,0.5936689775532256
379,0.8835314959907788,1.183531495990779,1.0374842395169468,-2,,0.5936689775532256
380,0.8874842395169468,1.187484239516947,1.0213298878466794,-2,,0.5936689775532256
381,0.8713298878466794,1.1713298878466796,1.0195871387054087,-2,,0.5936689775532256
382,0.8695871387054087,1.1695871387054089,1.0464498976513466,-2,,0.5936689775532256
383,0.8964498976513465,1.1964498976513467,1.0469290459416964,-2,,0.5936689775532256
384,0.8969290459416964,1.1969290459416966,1.0878842703288314,-2,,0.5936689775532256
385,0.9378842703288314,1.2378842703288315,1.1229117002122035,-2,,0.5936689775532256
386,0.9729117002122035,1.2729117002122037,1.106970779771356,-2,,0.5936689775532256
387,0.9569707797713559,1.256970779771356,1.1101118838718138,-2,,0.5936689775532256
388,0.9601118838718138,1.260111883871814,1.070609855461421,-2,,0.5936689775532256
389,0.9206098554614209,1.220609855461421,1.1123436227165886,-2,,0.5936689775532256
390,0.9623436227165886,1.2623436227165887,1.1254268467530628,-2,,0.5936689775532256
391,0.9754268467530628,1.275426846753063,1.1093124103140233,-2,,0.5936689775532256
392,0.9593124103140233,1.2593124103140234,1.0784727112802932,-2,,0.5936689775532256
393,0.9284727112802932,1.2284727112802933,1.121218757130696,-2,,0.5936689775532256
394,0.9712187571306959,1.271218757130696,1.116039489956383,-2,,0.5936689775532256
395,0.966039489956383,1.2660394899563832,1.1258872091121568,-2,,0.5936689775532256
396,0.9758872091121568,1.275887209112157,1.0766186547414582,-2,,0.5936689775532256
397,0.9266186547414582,1.2266186547414584,1.0969220013113474,-2,,0.5936689775532256
398,0.9469220013113474,1.2469220013113476,1.1102989786182738,-2,,0.5936689775532256
399,0.9602989786182737,1.260298978618274,1.122334749584078,-2,,0.5936689775532256
400,0.9723347495840781,1.2723347495840782,1.1200853369468513,-2,,0.5936689775532256
401,0.9700853369468513,1.2700853369468514,1.1604181241432565,-2,,0.5936689775532256
402,1.0104181241432564,1.3104181241432566,1.1824877188150917,-2,,0.5936689775532256
403,1.0324877188150916,1.3324877188150919,1.2106882358889095,-2,,0.5936689775532256
404,1.0606882358889094,1.3606882358889096,1.247368379715102,-2,,0.5936689775532256
405,1.097368379715102,1.3973683797151022,1.2706097300144807,-2,,0.5936689775532256
406,1.1206097300144806,1.4206097300144809,1.2646185999672177,-2,,0.5936689775532256
407,1.1146185999672176,1.4146185999672178,1.2800288409154534,-2,,0.5936689775532256
408,1.1300288409154533,1.4300288409154536,1.3270103525860104,-2,,0.5936689775532256
409,1.1770103525860103,1.4770103525860105,1.3058331771348008,-2,,0.5936689775532256
410,1.1558331771348007,1.455833177134801,1.3292085268785925,-2,,0.5936689775532256
411,1.1792085268785923,1.4792085268785926,1.3138578130098975,-2,,0.5936689775532256
412,1.1638578130098973,1.4638578130098976,1.2762447904963197,-2,,0.5936689775532256
413,1.1262447904963195,1.4262447904963198,1.3039791032492376,-2,,0.5936689775532256
414,1.1539791032492375,1.4539791032492377,1.3029490774309282,-2,,0.5936689775532256
415,1.1529490774309281,1.4529490774309284,1.2994464230502936,-2,,0.5936689775532256
416,1.1494464230502934,1.4494464230502937,1.3472381209576776,-2,,0.5936689775532256
417,1.1972381209576775,1.4972381209576777,1.3766063360136749,-2,,0.5936689775532256
418,1.2266063360136747,1.526606336013675,1.3350882632448582,-2,,0.5936689775532256
419,1.185088263244858,1.4850882632448583,1.3652942419434306,-2,,0.5936689775532256
420,1.2152942419434305,1.5152942419434308,1.4077644086654195,-2,,0.5936689775532256
421,1.2577644086654194,1.5577644086654197,1.361461481385537,-2,,0.5936689775532256
422,1.2114614813855369,1.5114614813855372,1.3487317155162104,-2,,0.5936689775532256
423,1.1987317155162103,1.4987317155162105,1.3096599446276662,-2,,0.5936689775532256
424,1.159659944627666,1.4596599446276664,1.3271905074944146,-2,,0.5936689775532256
425,1.1771905074944145,1.4771905074944147,1.3545625757695772,-2,,0.5936689775532256
426,1.204562575769577,1.5045625757695773,1.3911082305751434,-2,,0.5936689775532256
427,1.2411082305751433,1.5411082305751436,1.4211953897858067,-2,,0.5936689775532256
428,1.2711953897858066,1.5711953897858069,1.3760917607681347,-2,,0.5936689775532256
429,1.2260917607681345,1.5260917607681348,1.3882815381056592,-2,,0.5936689775532256
430,1.238281538105659,1.5382815381056594,1.4240940685681416,-2,,0.5936689775532256
431,1.2740940685681414,1.5740940685681417,1.4255570027797766,-2,,0.5936689775532256
432,1.2755570027797765,1.5755570027797767,1.4432857427162162,-2,,0.5936689775532256
433,1.293285742716216,1.5932857427162164,1.433421298471555,-2,,0.5936689775532256
434,1.283421298471555,1.5834212984715552,1.4729847866099248,-2,,0.5936689775532256
435,1.3229847866099247,1.622984786609925,1.4467506229459846,-2,,0.5936689775532256
436,1.2967506229459844,1.5967506229459847,1.4820287359091757,-2,,0.5936689775532256
437,1.3320287359091756,1.6320287359091759,1.5173632030235817,-2,,0.5936689775532256
438,1.3673632030235816,1.6673632030235819,1.4972575681354723,-2,,0.5936689775532256
439,1.3472575681354721,1.6472575681354724,1.4869515749102558,-2,,0.5936689775532256
440,1.3369515749102556,1.636951574910256,1.4644340799857625,-2,,0.5936689775532256
441,1.3144340799857623,1.6144340799857626,1.4331934481797115,-2,,0.5936689775532256
442,1.2831934481797114,1.5831934481797116,1.3916746073032877,-2,,0.5936689775532256
443,1.2416746073032876,1.5416746073032879,1.4134385220674446,-2,,0.5936689775532256
444,1.2634385220674444,1.5634385220674447,1.4441816826650729,-2,,0.5936689775532256
445,1.2941816826650727,1.594181682665073,1.4238178883661894,-2,,0.5936689775532256
446,1.2738178883661893,1.5738178883661895,1.4146120834793177,-2,,0.5936689775532256
447,1.2646120834793175,1.5646120834793178,1.422099276441621,-2,,0.5936689775532256
448,1.2720992764416208,1.572099276441621,1.4718572801679126,-2,,0.5936689775532256
449,1.3218572801679125,1.6218572801679128,1.4813785642092498,-2,,0.5936689775532256
450,1.3313785642092497,1.63137856420925,1.4706154735014292,-2,,0.5936689775532256
451,1.320615473501429,1.6206154735014293,1.4703071331144641,-2,,0.5936689775532256
452,1.320307133114464,1.6203071331144643,1.4337438244457703,-2,,0.5936689775532256
453,1.2837438244457702,1.5837438244457704,1.390460491330547,-2,,0.5936689775532256
454,1.2404604913305468,1.540460491330547,1.360658395099425,-2,,0.5936689775532256
455,1.210658395099425,1.5106583950994252,1.3559863867494415,-2,,0.5936689775532256
456,1.2059863867494414,1.5059863867494416,1.3694404132446212,-2,,0.5936689775532256
457,1.219440413244621,1.5194404132446213,1.361478590395149,-2,,0.5936689775532256
458,1.2114785903951488,1.511478590395149,1.4073995176796066,-2,,0.5936689775532256
459,1.2573995176796064,1.5573995176796067,1.4114851813741016,-2,,0.5936689775532256
460,1.2614851813741015,1.5614851813741017,1.389939268885284,-2,,0.5936689775532256
461,1.239939268885284,1.5399392688852842,1.36344898057335,-2,,0.5936689775532256
462,1.21344898057335,1.5134489805733502,1.3459832536250178,-2,,0.5936689775532256
463,1.1959832536250177,1.495983253625018,1.348937459153525,-2,,0.5936689775532256
464,1.198937459153525,1.4989374591535252,1.3731692540953226,-2,,0.5936689775532256
465,1.2231692540953225,1.5231692540953228,1.3885131749962722,-2,,0.5936689775532256
466,1.2385131749962721,1.5385131749962724,1.3684515041477547,-2,,0.5936689775532256
467,1.2184515041477546,1.5184515041477549,1.3507007388646213,-2,,0.5936689775532256
468,1.2007007388646211,1.5007007388646214,1.3162448952729635,-2,,0.5936689775532256
469,1.1662448952729634,1.4662448952729636,1.2945695885979749,-2,,0.5936689775532256
470,1.1445695885979748,1.444569588597975,1.3007185280394133,-2,,0.5936689775532256
471,1.1507185280394132,1.4507185280394135,1.3291009389769848,-2,,0.5936689775532256
472,1.1791009389769846,1.479100938976985,1.322939564835404,-2,,0.5936689775532256
473,1.172939564835404,1.4729395648354042,1.3724097397289066,-2,,0.5936689775532256
474,1.2224097397289064,1.5224097397289067,1.389869487426809,-2,,0.5936689775532256
475,1.2398694874268088,1.539869487426809,1.4301248843487322,-2,,0.5936689775532256
476,1.280124884348732,1.5801248843487323,1.458883867971666,-2,,0.5936689775532256
477,1.308883867971666,1.6088838679716662,1.4651009413454232,-2,,0.5936689775532256
478,1.315100941345423,1.6151009413454234,1.4252903570768778,-2,,0.5936689775532256
479,1.2752903570768777,1.575290357076878,1.4708252998956588,-2,,0.5936689775532256
480,1.3208252998956587,1.620825299895659,1.47209850632567,-2,,0.5936689775532256
481,1.3220985063256698,1.62209850632567,1.4256827814674864,-2,,0.5936689775532256
482,1.2756827814674863,1.5756827814674865,1.4716602337004083,-2,,0.5936689775532256
483,1.3216602337004082,1.6216602337004085,1.425768143030893,-2,,0.5936689775532256
484,1.275768143030893,1.5757681430308932,1.4003748041813868,-2,,0.5936689775532256
485,1.2503748041813867,1.550374804181387,1.395886588422563,-2,,0.5936689775532256
486,1.245886588422563,1.5458865884225632,1.3974953685482743,-2,,0.5936689775532256
487,1.2474953685482741,1.5474953685482744,1.352591416805763,-2,,0.5936689775532256
488,1.2025914168057628,1.502591416805763,1.3137514536306856,-2,,0.5936689775532256
489,1.1637514536306854,1.4637514536306857,1.269804298713339,-2,,0.5936689775532256
490,1.119804298713339,1.4198042987133392,1.2896232712743305,-2,,0.5936689775532256
491,1.1396232712743304,1.4396232712743307,1.2698304281526944,-2,,0.5936689775532256
492,1.1198304281526943,1.4198304281526946,1.2592430058705042,-2,,0.5936689775532256
493,1.109243005870504,1.4092430058705043,1.2094090766379844,-2,,0.5936689775532256
494,1.0594090766379842,1.3594090766379845,1.1706161137378541,-2,,0.5936689775532256
495,1.020616113737854,1.3206161137378543,1.120739419989045,-2,,0.5936689775532256
496,0.970739419989045,1.2707394199890452,1.1215561555703326,-2,,0.5936689775532256
497,0.9715561555703326,1.2715561555703327,1.1048655716713964,-2,,0.5936689775532256
498,0.9548655716713964,1.2548655716713966,1.0979982736860414,-2,,0.5936689775532256
499,0.9479982736860414,1.2479982736860415,1.132118644307537,-2,,0.5936689775532256
500,0.982118644307537,1.2821186443075372,1.108153498649062,-2,,0.5936689775532256
501,0.958153498649062,1.2581534986490621,1.0824017839518953,-2,,0.5936689775532256
502,0.9324017839518953,1.2324017839518955,1.080388124007002,-2,,0.5936689775532256
503,0.9303881240070019,1.230388124007002,1.053213411553344,-2,,0.5936689775532256
504,0.903213411553344,1.2032134115533442,1.0362869857588306,-2,,0.5936689775532256
505,0.8862869857588306,1.1862869857588307,0.9911439147435264,-2,,0.5936689775532256
506,0.8411439147435263,1.1411439147435265,0.987220875267483,-2,,0.5936689775532256
507,0.837220875267483,1.137220875267483,0.9522662764232305,-2,,0.5936689775532256
508,0.8022662764232305,1.1022662764232305,0.9070036784237787,-2,,0.5936689775532256
509,0.7570036784237787,1.0570036784237788,0.948885997776847,-2,,0.5936689775532256
510,0.798885997776847,1.098885997776847,0.8998119759589593,-2,,0.5936689775532256
511,0.7498119759589593,1.0498119759589595,0.8529403272491238,-2,,0.5936689775532256
512,0.7029403272491238,1.002940327249124,0.8140032740053441,-2,,0.5936689775532256
513,0.6640032740053441,0.9640032740053441,0.7881671648792526,-2,,0.5936689775532256
514,0.6381671648792526,0.9381671648792527,0.7950883699223203,-2,,0.5936689775532256
515,0.6450883699223203,0.9450883699223204,0.8300319032312983,-2,,0.5936689775532256
516,0.6800319032312983,0.9800319032312983,0.7805060425224857,-2,,0.5936689775532256
517,0.6305060425224857,0.9305060425224857,0.7924179511651831,-2,,0.5936689775532256
518,0.6424179511651831,0.9424179511651831,0.7586922997756789,-2,,0.5936689775532256
519,0.6086922997756788,0.9086922997756789,0.7942414539547374,-2,,0.5936689775532256
520,0.6442414539547374,0.9442414539547375,0.7696678023301532,-2,,0.5936689775532256
521,0.6196678023301532,0.9196678023301532,0.765113545360019,-2,,0.5936689775532256
522,0.6151135453600189,0.915113545360019,0.7754559907933511,-2,,0.5936689775532256
523,0.6254559907933511,0.9254559907933512,0.7616095986572711,-2,,0.5936689775532256
524,0.611609598657271,0.9116095986572711,0.7929255332392824,-2,,0.5936689775532256
525,0.6429255332392824,0.9429255332392824,0.8228468854634314,-2,,0.5936689775532256
526,0.6728468854634314,0.9728468854634315,0.8329202773496956,-2,,0.5936689775532256
527,0.6829202773496956,0.9829202773496957,0.8243228867286193,-2,,0.5936689775532256
528,0.6743228867286193,0.9743228867286193,0.8060864501649755,-2,,0.5936689775532256
529,0.6560864501649755,0.9560864501649755,0.7590699271749453,-2,,0.5936689775532256
530,0.6090699271749452,0.9090699271749453,0.7437177927156633,-2,,0.5936689775532256
531,0.5937177927156633,0.8937177927156633,0.7102665684738408,-2,,0.5936689775532256
532,0.5602665684738408,0.8602665684738409,0.7327849005589278,-2,,0.5936689775532256
533,0.5827849005589277,0.8827849005589278,0.7566429392046661,-2,,0.5936689775532256
534,0.606642939204666,0.9066429392046661,0.7383582563176639,-2,,0.5936689775532256
535,0.5883582563176639,0.888358256317664,0.7477413111205087,-2,,0.5936689775532256
536,0.5977413111205087,0.8977413111205087,0.7103439452951713,-2,,0.5936689775532256
537,0.5603439452951713,0.8603439452951713,0.7296534879881414,-2,,0.5936689775532256
538,0.5796534879881414,0.8796534879881415,0.6969478816323492,-2,,0.5936689775532256
539,0.5469478816323492,0.8469478816323492,0.7461253292252203,-2,,0.5936689775532256
540,0.5961253292252203,0.8961253292252204,0.6965260896985543,-2,,0.5936689775532256
541,0.5465260896985543,0.8465260896985544,0.745834547891605,-2,,0.5936689775532256
542,0.595834547891605,0.895834547891605,0.7542984313050215,-2,,0.5936689775532256
543,0.6042984313050215,0.9042984313050215,0.7940286512804309,-2,,0.5936689775532256
544,0.6440286512804309,0.9440286512804309,0.8320666812932,-2,,0.5936689775532256
545,0.6820666812932,0.9820666812932001,0.8442458842792757,-2,,0.5936689775532256
546,0.6942458842792757,0.9942458842792757,0.8215646034293633,-2,,0.5936689775532256
547,0.6715646034293633,0.9715646034293633,0.8310213643184498,-2,,0.5936689775532256
548,0.6810213643184497,0.9810213643184498,0.8104968836387261,-2,,0.5936689775532256
549,0.660496883638726,0.9604968836387261,0.8441214013229862,-2,,0.5936689775532256
550,0.6941214013229862,0.9941214013229862,0.7959374557144225,-2,,0.5936689775532256
551,0.6459374557144225,0.9459374557144226,0.7690655096831077,-2,,0.5936689775532256
552,0.6190655096831077,0.9190655096831077,0.8064543594734879,-2,,0.5936689775532256
553,0.6564543594734878,0.9564543594734879,0.8175313727970297,-2,,0.5936689775532256
554,0.6675313727970297,0.9675313727970297,0.8228854568059909,-2,,0.5936689775532256
555,0.6728854568059909,0.9728854568059909,0.8406475331659703,-2,,0.5936689775532256
556,0.6906475331659703,0.9906475331659703,0.8632244966375137,-2,,0.5936689775532256
557,0.7132244966375136,1.0132244966375137,0.8890667203559891,-2,,0.5936689775532256
558,0.7390667203559891,1.0390667203559891,0.9374084279552829,-2,,0.5936689775532256
559,0.7874084279552829,1.087408427955283,0.938866733143836,-2,,0.5936689775532256
560,0.7888667331438359,1.088866733143836,0.8901137209379573,-2,,0.5936689775532256
561,0.7401137209379572,1.0401137209379574,0.8921367276425567,-2,,0.5936689775532256
562,0.7421367276425567,1.0421367276425568,0.8829328706786133,-2,,0.5936689775532256
563,0.7329328706786132,1.0329328706786134,0.921898512846153,-2,,0.5936689775532256
564,0.771898512846153,1.0718985128461531,0.9113992368502086,-2,,0.5936689775532256
565,0.7613992368502086,1.0613992368502088,0.8763366524870237,-2,,0.5936689775532256
566,0.7263366524870237,1.0263366524870239,0.922491615441127,-2,,0.5936689775532256
567,0.772491615441127,1.072491615441127,0.8924458147310761,-2,,0.5936689775532256
568,0.7424458147310761,1.0424458147310762,0.9283441007868475,-2,,0.5936689775532256
569,0.7783441007868475,1.0783441007868475,0.8995588415391776,-2,,0.5936689775532256
570,0.7495588415391776,1.0495588415391777,0.8965389303566604,-2,,0.5936689775532256
571,0.7465389303566604,1.0465389303566606,0.9343755037377406,-2,,0.5936689775532256
572,0.7843755037377406,1.0843755037377407,0.9222807732414711,-2,,0.5936689775532256
573,0.772280773241471,1.0722807732414712,0.9464524142934445,-2,,0.5936689775532256
574,0.7964524142934445,1.0964524142934446,0.969566011958724,-2,,0.5936689775532256
575,0.819566011958724,1.119566011958724,0.9765593938228767,-2,,0.5936689775532256
576,0.8265593938228767,1.1265593938228768,0.9370209035033542,-2,,0.5936689775532256
577,0.7870209035033542,1.0870209035033542,0.9735781574354571,-2,,0.5936689775532256
578,0.823578157435457,1.123578157435457,1.0033879010172904,-2,,0.5936689775532256
579,0.8533879010172903,1.1533879010172905,0.9738276377254332,-2,,0.5936689775532256
580,0.8238276377254332,1.1238276377254333,0.9981876742361985,-2,,0.5936689775532256
581,0.8481876742361985,1.1481876742361985,1.0461101376069264,-2,,0.5936689775532256
582,0.8961101376069264,1.1961101376069265,1.0338246056424945,-2,,0.5936689775532256
583,0.8838246056424944,1.1838246056424946,1.0725817144912988,-2,,0.5936689775532256
584,0.9225817144912988,1.222581714491299,1.062044703306307,-2,,0.5936689775532256
585,0.9120447033063069,1.212044703306307,1.0729188161961316,-2,,0.5936689775532256
586,0.9229188161961316,1.2229188161961317,1.0810177535709367,-2,,0.5936689775532256
587,0.9310177535709366,1.2310177535709368,1.0911952291577074,-2,,0.5936689775532256
588,0.9411952291577074,1.2411952291577075,1.1347333661143568,-2,,0.5936689775532256
589,0.9847333661143568,1.284733366114357,1.1044075841894199,-2,,0.5936689775532256
590,0.9544075841894198,1.25440758418942,1.0921281824777203,-2,,0.5936689775532256
591,0.9421281824777202,1.2421281824777204,1.0552390517803423,-2,,0.5936689775532256
592,0.9052390517803423,1.2052390517803424,1.0215262018357978,-2,,0.5936689775532256
593,0.8715262018357978,1.171526201835798,1.005473977256688,-2,,0.5936689775532256
594,0.8554739772566881,1.1554739772566882,1.0509638164422688,-2,,0.5936689775532256
595,0.9009638164422688,1.200963816442269,1.010856266952751,-2,,0.5936689775532256
596,0.860856266952751,1.1608562669527511,1.0362067232527767,-2,,0.5936689775532256
597,0.8862067232527767,1.1862067232527769,1.0140180589399255,-2,,0.5936689775532256
598,0.8640180589399254,1.1640180589399256,0.9842268691044733,-2,,0.5936689775532256
599,0.8342268691044733,1.1342268691044735,0.9864280992411245,-2,,0.5936689775532256
600,0.8364280992411245,1.1364280992411246,0.9832697633658016,-2,,0.5936689775532256
601,0.8332697633658016,1.1332697633658018,0.9377870750647442,-2,,0.5936689775532256
602,0.7877870750647442,1.0877870750647443,0.9359362090973723,-2,,0.5936689775532256
603,0.7859362090973723,1.0859362090973723,0.9511881291726386,-2,,0.5936689775532256
604,0.8011881291726386,1.1011881291726386,0.9507387848355005,-2,,0.5936689775532256
605,0.8007387848355004,1.1007387848355006,0.9259824138904592,-2,,0.5936689775532256
606,0.7759824138904592,1.0759824138904592,0.9054598088479134,-2,,0.5936689775532256
607,0.7554598088479134,1.0554598088479135,0.9431308885743753,-2,,0.5936689775532256
608,0.7931308885743753,1.0931308885743753,0.9832950739310191,-2,,0.5936689775532256
609,0.8332950739310191,1.1332950739310192,1.0315317422414723,-2,,0.5936689775532256
610,0.8815317422414722,1.1815317422414724,1.0768316555182704,-2,,0.5936689775532256
611,0.9268316555182704,1.2268316555182706,1.040611009111051,-2,,0.5936689775532256
612,0.890611009111051,1.190611009111051,1.0210576617586542,-2,,0.5936689775532256
613,0.8710576617586542,1.1710576617586543,0.9807554506292021,-2,,0.5936689775532256
614,0.8307554506292021,1.1307554506292021,1.0153351464094165,-2,,0.5936689775532256
615,0.8653351464094164,1.1653351464094166,1.0195715866396369,-2,,0.5936689775532256
616,0.8695715866396369,1.169571586639637,0.986102718976366,-2,,0.5936689775532256
617,0.836102718976366,1.1361027189763662,0.9521339214745919,-2,,0.5936689775532256
618,0.8021339214745918,1.102133921474592,0.9873272372540717,-2,,0.5936689775532256
619,0.8373272372540717,1.1373272372540717,1.010840180006035,-2,,0.5936689775532256
620,0.8608401800060349,1.160840180006035,0.9904434662970375,-2,,0.5936689775532256
621,0.8404434662970375,1.1404434662970375,0.9809289627396909,-2,,0.5936689775532256
622,0.8309289627396909,1.130928962739691,1.0069304599140945,-2,,0.5936689775532256
623,0.8569304599140944,1.1569304599140946,0.9776118126654977,-2,,0.5936689775532256
624,0.8276118126654977,1.1276118126654977,1.0217656983393075,-2,,0.5936689775532256
625,0.8717656983393075,1.1717656983393077,1.0613779065816706,-2,,0.5936689775532256
626,0.9113779065816706,1.2113779065816708,1.0214174711466515,-2,,0.5936689775532256
627,0.8714174711466515,1.1714174711466516,1.0560653247534473,-2,,0.5936689775532256
628,0.9060653247534473,1.2060653247534474,1.024014531988056,-2,,0.5936689775532256
629,0.874014531988056,1.1740145319880562,1.0190004619824686,-2,,0.5936689775532256
630,0.8690004619824686,1.1690004619824688,0.9935263592847896,-2,,0.5936689775532256
631,0.8435263592847896,1.1435263592847897,1.02865982422501,-2,,0.5936689775532256
632,0.87865982422501,1.1786598242250101,1.066117338210567,-2,,0.5936689775532256
633,0.9161173382105671,1.2161173382105672,1.0692023776393484,-2,,0.5936689775532256
634,0.9192023776393484,1.2192023776393486,1.0440430180259135,-2,,0.5936689775532256
635,0.8940430180259135,1.1940430180259136,1.010168424311106,-2,,0.5936689775532256
636,0.860168424311106,1.1601684243111061,1.0541703253918575,-2,,0.5936689775532256
637,0.9041703253918575,1.2041703253918576,1.0819061967246268,-2,,0.5936689775532256
638,0.9319061967246268,1.231906196724627,1.0836723488533997,-2,,0.5936689775532256
639,0.9336723488533997,1.2336723488533998,1.0866469154716496,-2,,0.5936689775532256
640,0.9366469154716496,1.2366469154716497,1.0903037168293586,-2,,0.5936689775532256
641,0.9403037168293585,1.2403037168293587,1.0534792001185653,-2,,0.5936689775532256
642,0.9034792001185653,1.2034792001185655,1.016045585405419,-2,,0.5936689775532256
643,0.8660455854054189,1.166045585405419,1.014248661364054,-2,,0.5936689775532256
644,0.864248661364054,1.1642486613640541,1.059569213854573,-2,,0.5936689775532256
645,0.9095692138545729,1.209569213854573,1.0650108690585662,-2,,0.5936689775532256
646,0.9150108690585662,1.2150108690585664,1.0357825943937202,-2,,0.5936689775532256
647,0.8857825943937202,1.1857825943937204,0.9887880522698381,-2,,0.5936689775532256
648,0.8387880522698381,1.1387880522698381,0.9506833833438593,-2,,0.5936689775532256
649,0.8006833833438592,1.1006833833438594,0.9328366824920924,-2,,0.5936689775532256
650,0.7828366824920924,1.0828366824920925,0.9436496036835516,-2,,0.5936689775532256
651,0.7936496036835515,1.0936496036835517,0.9336947282080794,-2,,0.5936689775532256
652,0.7836947282080794,1.0836947282080795,0.9368833373426863,-2,,0.5936689775532256
653,0.7868833373426862,1.0868833373426863,0.9857437271946439,-2,,0.5936689775532256
654,0.8357437271946438,1.135743727194644,1.01757451406503,-2,,0.5936689775532256
655,0.8675745140650301,1.1675745140650302,1.0144504437664252,-2,,0.5936689775532256
656,0.8644504437664252,1.1644504437664254,0.9797381559790588,-2,,0.5936689775532256
657,0.8297381559790588,1.129738155979059,0.9638768627172315,-2,,0.5936689775532256
658,0.8138768627172315,1.1138768627172315,0.9188875316869248,-2,,0.5936689775532256
659,0.7688875316869248,1.0688875316869249,0.9483332347365132,-2,,0.5936689775532256
660,0.7983332347365132,1.0983332347365133,0.960604109235334,-2,,0.5936689775532256
661,0.810604109235334,1.110604109235334,0.9899676476215717,-2,,0.5936689775532256
662,0.8399676476215717,1.1399676476215719,0.961163108729626,-2,,0.5936689775532256
663,0.8111631087296259,1.111163108729626,0.9549620690216633,-2,,0.5936689775532256
664,0.8049620690216632,1.1049620690216633,0.9688634339480797,-2,,0.5936689775532256
665,0.8188634339480797,1.1188634339480799,1.0182002837891975,-2,,0.5936689775532256
666,0.8682002837891974,1.1682002837891976,0.996289922385613,-2,,0.5936689775532256
667,0.846289922385613,1.1462899223856131,0.9921161265392644,-2,,0.5936689775532256
668,0.8421161265392644,1.1421161265392645,0.9550191322574686,-2,,0.5936689775532256
669,0.8050191322574686,1.1050191322574687,0.9682474135604896,-2,,0.5936689775532256
670,0.8182474135604896,1.1182474135604896,0.9575401527175129,-2,,0.5936689775532256
671,0.8075401527175129,1.107540152717513,0.9394558021783199,-2,,0.5936689775532256
672,0.7894558021783199,1.08945580217832,0.9620738150167101,-2,,0.5936689775532256
673,0.81207381501671,1.1120738150167102,0.9780689451296379,-2,,0.5936689775532256
674,0.8280689451296379,1.128068945129638,0.988038480801237,-2,,0.5936689775532256
675,0.838038480801237,1.1380384808012372,1.0330445902636807,-2,,0.5936689775532256
676,0.8830445902636807,1.1830445902636808,1.0173159545391763,-2,,0.5936689775532256
677,0.8673159545391763,1.1673159545391765,1.035125360627159,-2,,0.5936689775532256
678,0.8851253606271591,1.1851253606271592,1.06972611675795,-2,,0.5936689775532256
679,0.9197261167579499,1.21972611675795,1.064689385600218,-2,,0.5936689775532256
680,0.914689385600218,1.214689385600218,1.1039381545689506,-2,,0.5936689775532256
681,0.9539381545689506,1.2539381545689507,1.1531189262187134,-2,,0.5936689775532256
682,1.0031189262187132,1.3031189262187135,1.1562603073784377,-2,,0.5936689775532256
683,1.0062603073784375,1.3062603073784378,1.1365083354922305,-2,,0.5936689775532256
684,0.9865083354922305,1.2865083354922306,1.1812618954588296,-2,,0.5936689775532256
685,1.0312618954588295,1.3312618954588298,1.2051129667274925,-2,,0.5936689775532256
686,1.0551129667274923,1.3551129667274926,1.1954269871394008,-2,,0.5936689775532256
687,1.0454269871394006,1.345426987139401,1.2174052406415554,-2,,0.5936689775532256
688,1.0674052406415553,1.3674052406415556,1.2182986558166908,-2,,0.5936689775532256
689,1.0682986558166907,1.368298655816691,1.2102287546094719,-2,,0.5936689775532256
690,1.0602287546094717,1.360228754609472,1.2249359344238044,-2,,0.5936689775532256
691,1.0749359344238043,1.3749359344238046,1.2157516012469058,-2,,0.5936689775532256
692,1.0657516012469057,1.365751601246906,1.2097566120702612,-2,,0.5936689775532256
693,1.059756612070261,1.3597566120702613,1.168928979976162,-2,,0.5936689775532256
694,1.0189289799761618,1.318928979976162,1.1856779722908377,-2,,0.5936689775532256
695,1.0356779722908376,1.3356779722908378,1.2019689437118473,-2,,0.5936689775532256
696,1.0519689437118471,1.3519689437118474,1.1539455882461165,-2,,0.5936689775532256
697,1.0039455882461163,1.3039455882461166,1.1237265729720363,-2,,0.5936689775532256
698,0.9737265729720362,1.2737265729720364,1.1515417152264376,-2,,0.5936689775532256
699,1.0015417152264374,1.3015417152264377,1.1262097529490522,-2,,0.5936689775532256
700,0.9762097529490522,1.2762097529490524,1.1429946688338508,-2,,0.5936689775532256
701,0.9929946688338508,1.292994668833851,1.1205099213940222,-2,,0.5936689775532256
702,0.9705099213940221,1.2705099213940223,1.084375371017364,-2,,0.5936689775532256
703,0.934375371017364,1.2343753710173642,1.101849025752292,-2,,0.5936689775532256
704,0.9518490257522919,1.251849025752292,1.1428817167708172,-2,,0.5936689775532256
705,0.9928817167708172,1.2928817167708173,1.1470896202658891,-2,,0.5936689775532256
706,0.9970896202658891,1.2970896202658893,1.1672287303902324,-2,,0.5936689775532256
707,1.0172287303902323,1.3172287303902326,1.1782347786789498,-2,,0.5936689775532256
708,1.0282347786789496,1.32823477867895,1.1537454717816877,-2,,0.5936689775532256
709,1.0037454717816876,1.3037454717816879,1.1357945879494893,-2,,0.5936689775532256
710,0.9857945879494893,1.2857945879494894,1.18340742701866,-2,,0.5936689775532256
711,1.03340742701866,1.3334074270186602,1.2019501990947614,-2,,0.5936689775532256
712,1.0519501990947613,1.3519501990947616,1.1542729573294372,-2,,0.5936689775532256
713,1.004272957329437,1.3042729573294374,1.1917837186616884,-2,,0.5936689775532256
714,1.0417837186616883,1.3417837186616886,1.202806463105013,-2,,0.5936689775532256
715,1.052806463105013,1.3528064631050132,1.2464002130485856,-2,,0.5936689775532256
716,1.0964002130485855,1.3964002130485857,1.2817986506633086,-2,,0.5936689775532256
717,1.1317986506633084,1.4317986506633087,1.2862534908674426,-2,,0.5936689775532256
718,1.1362534908674424,1.4362534908674427,1.2852359164766889,-2,,0.5936689775532256
719,1.1352359164766888,1.435235916476689,1.2686470431725645,-2,,0.5936689775532256
720,1.1186470431725644,1.4186470431725646,1.2430675432491534,-2,,0.5936689775532256
721,1.0930675432491532,1.3930675432491535,1.285454993199004,-2,,0.5936689775532256
722,1.135454993199004,1.4354549931990042,1.3197872817752019,-2,,0.5936689775532256
723,1.1697872817752017,1.469787281775202,1.3442864343531706,-2,,0.5936689775532256
724,1.1942864343531705,1.4942864343531708,1.3707531572093705,-2,,0.5936689775532256
725,1.2207531572093704,1.5207531572093707,1.3688139203036012,-2,,0.5936689775532256
726,1.218813920303601,1.5188139203036013,1.3644591397550283,-2,,0.5936689775532256
727,1.2144591397550282,1.5144591397550284,1.3789410591909574,-2,,0.5936689775532256
728,1.2289410591909573,1.5289410591909576,1.357873072801191,-2,,0.5936689775532256
729,1.2078730728011908,1.507873072801191,1.3664692102107965,-2,,0.5936689775532256
730,1.2164692102107963,1.5164692102107966,1.3574674490333007,-2,,0.5936689775532256
731,1.2074674490333006,1.5074674490333009,1.3890730507085838,-2,,0.5936689775532256
732,1.2390730507085836,1.539073050708584,1.4251300426380213,-2,,0.5936689775532256
733,1.2751300426380212,1.5751300426380215,1.3758807459180213,-2,,0.5936689775532256
734,1.2258807459180212,1.5258807459180215,1.3594937427709588,-2,,0.5936689775532256
735,1.2094937427709587,1.509493742770959,1.3934111293943912,-2,,0.5936689775532256
736,1.243411129394391,1.5434111293943913,1.3572440364059961,-2,,0.5936689775532256
737,1.207244036405996,1.5072440364059962,1.318814453136939,-2,,0.5936689775532256
738,1.1688144531369389,1.4688144531369391,1.307820712152592,-2,,0.5936689775532256
739,1.1578207121525919,1.4578207121525921,1.2770797944756829,-2,,0.5936689775532256
740,1.1270797944756827,1.427079794475683,1.2424761527334456,-2,,0.5936689775532256
741,1.0924761527334454,1.3924761527334457,1.2544430053304316,-2,,0.5936689775532256
742,1.1044430053304315,1.4044430053304318,1.2977330835717569,-2,,0.5936689775532256
743,1.1477330835717567,1.447733083571757,1.2546971472308963,-2,,0.5936689775532256
744,1.1046971472308962,1.4046971472308964,1.2184968989656868,-2,,0.5936689775532256
745,1.0684968989656867,1.368496898965687,1.1955601141927727,-2,,0.5936689775532256
746,1.0455601141927726,1.3455601141927729,1.2340450201434088,-2,,0.5936689775532256
747,1.0840450201434086,1.384045020143409,1.1952295003814766,-2,,0.5936689775532256
748,1.0452295003814764,1.3452295003814767,1.2284824288738774,-2,,0.5936689775532256
749,1.0784824288738772,1.3784824288738775,1.2208319683418427,-2,,0.5936689775532256
750,1.0708319683418426,1.3708319683418428,1.2260504611977756,-2,,0.5936689775532256
751,1.0760504611977755,1.3760504611977757,1.2446667527592907,-2,,0.5936689775532256
752,1.0946667527592906,1.3946667527592909,1.2599354262462164,-2,,0.5936689775532256
753,1.1099354262462162,1.4099354262462165,1.309877617168635,-2,,0.5936689775532256
754,1.159877617168635,1.4598776171686352,1.311523557432199,-2,,0.5936689775532256
755,1.161523557432199,1.4615235574321992,1.3343078873290708,-2,,0.5936689775532256
756,1.1843078873290707,1.484307887329071,1.3819742951507297,-2,,0.5936689775532256
757,1.2319742951507295,1.5319742951507298,1.378095183734487,-2,,0.5936689775532256
758,1.228095183734487,1.5280951837344872,1.3705728762160325,-2,,0.5936689775532256
759,1.2205728762160324,1.5205728762160327,1.387799319338377,-2,,0.5936689775532256
760,1.237799319338377,1.5377993193383772,1.3731330888452238,-2,,0.5936689775532256
761,1.2231330888452236,1.523133088845224,1.4063450963734223,-2,,0.5936689775532256
762,1.2563450963734222,1.5563450963734224,1.438468175033207,-2,,0.5936689775532256
763,1.2884681750332068,1.588468175033207,1.4206227432572969,-2,,0.5936689775532256
764,1.2706227432572967,1.570622743257297,1.4455048212240023,-2,,0.5936689775532256
765,1.2955048212240021,1.5955048212240024,1.4446305658631389,-2,,0.5936689775532256
766,1.2946305658631387,1.594630565863139,1.4839336678167692,-2,,0.5936689775532256
767,1.333933667816769,1.6339336678167693,1.5218405457826651,-2,,0.5936689775532256
768,1.371840545782665,1.6718405457826653,1.4814500690798533,-2,,0.5936689775532256
769,1.3314500690798532,1.6314500690798535,1.4848340704072494,-2,,0.5936689775532256
770,1.3348340704072492,1.6348340704072495,1.441585918425991,-2,,0.5936689775532256
771,1.2915859184259908,1.591585918425991,1.3916377928425614,-2,,0.5936689775532256
772,1.2416377928425613,1.5416377928425615,1.3852694588119876,-2,,0.5936689775532256
773,1.2352694588119875,1.5352694588119877,1.338753293839979,-2,,0.5936689775532256
774,1.188753293839979,1.4887532938399792,1.3539790544865646,-2,,0.5936689775532256
775,1.2039790544865645,1.5039790544865648,1.3207791393443518,-2,,0.5936689775532256
776,1.1707791393443516,1.470779139344352,1.2854655128264922,-2,,0.5936689775532256
777,1.135465512826492,1.4354655128264924,1.3177779738215016,-2,,0.5936689775532256
778,1.1677779738215015,1.4677779738215018,1.3216721504479203,-2,,0.5936689775532256
779,1.1716721504479202,1.4716721504479204,1.2809477581903699,-2,,0.5936689775532256
780,1.1309477581903697,1.43094775819037,1.2703959099842452,-2,,0.5936689775532256
781,1.120395909984245,1.4203959099842454,1.2461411059166416,-2,,0.5936689775532256
782,1.0961411059166415,1.3961411059166418,1.271373997359997,-2,,0.5936689775532256
783,1.1213739973599968,1.421373997359997,1.2964005961548202,-2,,0.5936689775532256
784,1.14640059615482,1.4464005961548203,1.2928685599405532,-2,,0.5936689775532256
785,1.142868559940553,1.4428685599405533,1.2647874815884164,-2,,0.5936689775532256
786,1.1147874815884162,1.4147874815884165,1.235625415731918,-2,,0.5936689775532256
787,1.0856254157319178,1.385625415731918,1.197516450535314,-2,,0.5936689775532256
788,1.0475164505353138,1.347516450535314,1.1561146855464084,-2,,0.5936689775532256
789,1.0061146855464083,1.3061146855464085,1.1236493366918006,-2,,0.5936689775532256
790,0.9736493366918005,1.2736493366918007,1.1559600989724905,-2,,0.5936689775532256
791,1.0059600989724904,1.3059600989724907,1.2049989447085387,-2,,0.5936689775532256
792,1.0549989447085386,1.3549989447085389,1.1687200704876,-2,,0.5936689775532256
793,1.0187200704875998,1.3187200704876,1.163593021207725,-2,,0.5936689775532256
794,1.0135930212077249,1.3135930212077251,1.1528848388774324,-2,,0.5936689775532256
795,1.0028848388774323,1.3028848388774326,1.2004444034602724,-2,,0.5936689775532256
796,1.0504444034602722,1.3504444034602725,1.2377302993376902,-2,,0.5936689775532256
797,1.08773029933769,1.3877302993376903,1.2098100914585836,-2,,0.5936689775532256
798,1.0598100914585835,1.3598100914585838,1.2254174793680899,-2,,0.5936689775532256
799,1.0754174793680897,1.37541747936809,1.2488899924461478,-2,,0.5936689775532256
800,1.0988899924461477,1.398889992446148,1.2555320575271123,-2,,0.5936689775532256
801,1.1055320575271121,1.4055320575271124,1.288386750010991,-2,,0.5936689775532256
802,1.1383867500109908,1.438386750010991,1.3094400271852586,-2,,0.5936689775532256
803,1.1594400271852585,1.4594400271852588,1.2643859408998601,-2,,0.5936689775532256
804,1.11438594089986,1.4143859408998603,1.2745417861454618,-2,,0.5936689775532256
805,1.1245417861454616,1.424541786145462,1.250560251679761,-2,,0.5936689775532256
806,1.1005602516797608,1.400560251679761,1.242425860411241,-2,,0.5936689775532256
807,1.092425860411241,1.3924258604112412,1.275087008877034,-2,,0.5936689775532256
808,1.125087008877034,1.4250870088770342,1.2812093156660385,-2,,0.5936689775532256
809,1.1312093156660383,1.4312093156660386,1.2582789918155493,-2,,0.5936689775532256
810,1.1082789918155491,1.4082789918155494,1.2604708388924746,-2,,0.5936689775532256
811,1.1104708388924744,1.4104708388924747,1.2668803525971968,-2,,0.5936689775532256
812,1.1168803525971966,1.416880352597197,1.2845455908481604,-2,,0.5936689775532256
813,1.1345455908481603,1.4345455908481606,1.2346523373504352,-2,,0.5936689775532256
814,1.084652337350435,1.3846523373504354,1.2058800512345096,-2,,0.5936689775532256
815,1.0558800512345095,1.3558800512345097,1.2205091275573654,-2,,0.5936689775532256
816,1.0705091275573653,1.3705091275573655,1.1877051627510677,-2,,0.5936689775532256
817,1.0377051627510676,1.3377051627510679,1.1847007567798018,-2,,0.5936689775532256
818,1.0347007567798017,1.334700756779802,1.1823099324476678,-2,,0.5936689775532256
819,1.0323099324476677,1.332309932447668,1.138258601666002,-2,,0.5936689775532256
820,0.9882586016660019,1.288258601666002,1.1097764291288739,-2,,0.5936689775532256
821,0.9597764291288738,1.259776429128874,1.0793250800870742,-2,,0.5936689775532256
822,0.9293250800870742,1.2293250800870743,1.09727778100797,-2,,0.5936689775532256
823,0.9472777810079699,1.24727778100797,1.0571934780678514,-2,,0.5936689775532256
824,0.9071934780678513,1.2071934780678515,1.0278919940319353,-2,,0.5936689775532256
825,0.8778919940319353,1.1778919940319355,0.9955058239492434,-2,,0.5936689775532256
826,0.8455058239492433,1.1455058239492435,0.9589750264415781,-2,,0.5936689775532256
827,0.808975026441578,1.108975026441578,0.9410147468013088,-2,,0.5936689775532256
828,0.7910147468013088,1.091014746801309,0.9270906154531342,-2,,0.5936689775532256
829,0.7770906154531342,1.0770906154531343,0.9128275778033397,-2,,0.5936689775532256
830,0.7628275778033397,1.0628275778033398,0.8893082955354976,-2,,0.5936689775532256
831,0.7393082955354976,1.0393082955354978,0.8598473253027383,-2,,0.5936689775532256
832,0.7098473253027383,1.0098473253027385,0.8986838706090223,-2,,0.5936689775532256
833,0.7486838706090223,1.0486838706090225,0.8586669763267013,-2,,0.5936689775532256
834,0.7086669763267013,1.0086669763267013,0.8194072719555591,-2,,0.5936689775532256
835,0.669407271955559,0.9694072719555591,0.8313641975865903,-2,,0.5936689775532256
836,0.6813641975865903,0.9813641975865903,0.7935610940075526,-2,,0.5936689775532256
837,0.6435610940075526,0.9435610940075526,0.8189882455013419,-2,,0.5936689775532256
838,0.6689882455013418,0.9689882455013419,0.8509691313251443,-2,,0.5936689775532256
839,0.7009691313251443,1.0009691313251443,0.9006368524770596,-2,,0.5936689775532256
840,0.7506368524770596,1.0506368524770597,0.8550543627714757,-2,,0.5936689775532256
841,0.7050543627714757,1.0050543627714759,0.8374480296652393,-2,,0.5936689775532256
842,0.6874480296652393,0.9874480296652394,0.8823125795365034,-2,,0.5936689775532256
843,0.7323125795365034,1.0323125795365036,0.9129316760809759,-2,,0.5936689775532256
844,0.7629316760809759,1.062931676080976,0.8799657954468278,-2,,0.5936689775532256
845,0.7299657954468278,1.029965795446828,0.8798297501344594,-2,,0.5936689775532256
846,0.7298297501344594,1.0298297501344595,0.879196957761524,-2,,0.5936689775532256
847,0.7291969577615239,1.029196957761524,0.8672701938832384,-2,,0.5936689775532256
848,0.7172701938832384,1.0172701938832385,0.8570226963387377,-2,,0.5936689775532256
849,0.7070226963387377,1.0070226963387379,0.8198279573935164,-2,,0.5936689775532256
850,0.6698279573935164,0.9698279573935165,0.801936520034702,-2,,0.5936689775532256
851,0.6519365200347019,0.951936520034702,0.7622648679454069,-2,,0.5936689775532256
852,0.6122648679454069,0.912264867945407,0.798879328578509,-2,,0.5936689775532256
853,0.6488793285785089,0.948879328578509,0.7847466077313001,-2,,0.5936689775532256
854,0.6347466077313001,0.9347466077313001,0.7756135454679713,-2,,0.5936689775532256
855,0.6256135454679713,0.9256135454679714,0.7889284636824423,-2,,0.5936689775532256
856,0.6389284636824423,0.9389284636824423,0.8316054028313417,-2,,0.5936689775532256
857,0.6816054028313416,0.9816054028313417,0.820754600784408,-2,,0.5936689775532256
858,0.670754600784408,0.970754600784408,0.8036808467441849,-2,,0.5936689775532256
859,0.6536808467441849,0.953680846744185,0.8104742697870342,-2,,0.5936689775532256
860,0.6604742697870342,0.9604742697870342,0.806656060932009,-2,,0.5936689775532256
861,0.656656060932009,0.9566560609320091,0.8120959632699853,-2,,0.5936689775532256
862,0.6620959632699853,0.9620959632699854,0.794167517939393,-2,,0.5936689775532256
863,0.644167517939393,0.944167517939393,0.7820267966953661,-2,,0.5936689775532256
864,0.6320267966953661,0.9320267966953661,0.741490773520305,-2,,0.5936689775532256
865,0.591490773520305,0.891490773520305,0.7638021537348436,-2,,0.5936689775532256
866,0.6138021537348436,0.9138021537348436,0.7527118248870516,-2,,0.5936689775532256
867,0.6027118248870516,0.9027118248870516,0.7589790659445373,-2,,0.5936689775532256
868,0.6089790659445373,0.9089790659445374,0.7845330201918801,-2,,0.5936689775532256
869,0.6345330201918801,0.9345330201918801,0.8172120083842546,-2,,0.5936689775532256
870,0.6672120083842545,0.9672120083842546,0.8599624943467595,-2,,0.5936689775532256
871,0.7099624943467595,1.0099624943467596,0.8768572602459175,-2,,0.5936689775532256
872,0.7268572602459175,1.0268572602459176,0.832114859278223,-2,,0.5936689775532256
873,0.682114859278223,0.9821148592782231,0.8213633327047174,-2,,0.5936689775532256
874,0.6713633327047174,0.9713633327047174,0.8637533727592603,-2,,0.5936689775532256
875,0.7137533727592603,1.0137533727592605,0.8142152526435931,-2,,0.5936689775532256
876,0.664215252643593,0.9642152526435931,0.7680694525759366,-2,,0.5936689775532256
877,0.6180694525759366,0.9180694525759366,0.77433625395913,-2,,0.5936689775532256
878,0.62433625395913,0.92433625395913,0.7269894976797374,-2,,0.5936689775532256
879,0.5769894976797374,0.8769894976797374,0.7622040313866556,-2,,0.5936689775532256
880,0.6122040313866556,0.9122040313866556,0.7618457796305864,-2,,0.5936689775532256
881,0.6118457796305864,0.9118457796305864,0.7123930905140492,-2,,0.5936689775532256
882,0.5623930905140492,0.8623930905140492,0.7410580617634092,-2,,0.5936689775532256
883,0.5910580617634091,0.8910580617634092,0.7789344237416631,-2,,0.5936689775532256
884,0.6289344237416631,0.9289344237416631,0.7662404824974685,-2,,0.5936689775532256
885,0.6162404824974684,0.9162404824974685,0.7432746613174012,-2,,0.5936689775532256
886,0.5932746613174011,0.8932746613174012,0.7093334925758931,-2,,0.5936689775532256
887,0.559333492575893,0.8593334925758931,0.7089925404605212,-2,,0.5936689775532256
888,0.5589925404605212,0.8589925404605212,0.7126413328357463,-2,,0.5936689775532256
889,0.5626413328357462,0.8626413328357463,0.7589993240579617,-2,,0.5936689775532256
890,0.6089993240579616,0.9089993240579617,0.794563536228202,-2,,0.5936689775532256
891,0.644563536228202,0.944563536228202,0.80399080565836,-2,,0.5936689775532256
892,0.65399080565836,0.95399080565836,0.8418055481239137,-2,,0.5936689775532256
893,0.6918055481239137,0.9918055481239137,0.8019161647174722,-2,,0.5936689775532256
894,0.6519161647174722,0.9519161647174722,0.8330124549414644,-2,,0.5936689775532256
895,0.6830124549414643,0.9830124549414644,0.8394517229773822,-2,,0.5936689775532256
896,0.6894517229773822,0.9894517229773823,0.8876661526091667,-2,,0.5936689775532256
897,0.7376661526091667,1.0376661526091668,0.8801640911757769,-2,,0.5936689775532256
898,0.7301640911757769,1.030164091175777,0.8671625279604966,-2,,0.5936689775532256
899,0.7171625279604966,1.0171625279604968,0.8290024362783636,-2,,0.5936689775532256
900,0.6790024362783635,0.9790024362783636,0.8584774921201207,-2,,0.5936689775532256
901,0.7084774921201207,1.0084774921201207,0.8369172055774616,-2,,0.5936689775532256
902,0.6869172055774616,0.9869172055774617,0.8172968674184561,-2,,0.5936689775532256
903,0.6672968674184561,0.9672968674184561,0.7696939029712516,-2,,0.5936689775532256
904,0.6196939029712516,0.9196939029712516,0.7717396473479744,-2,,0.5936689775532256
905,0.6217396473479744,0.9217396473479744,0.7907523243058203,-2,,0.5936689775532256
906,0.6407523243058203,0.9407523243058203,0.7570914943207657,-2,,0.5936689775532256
907,0.6070914943207657,0.9070914943207657,0.7447648951082534,-2,,0.5936689775532256
908,0.5947648951082534,0.8947648951082534,0.7566363729252176,-2,,0.5936689775532256
909,0.6066363729252175,0.9066363729252176,0.7528090926436685,-2,,0.5936689775532256
910,0.6028090926436684,0.9028090926436685,0.7550341820419056,-2,,0.5936689775532256
911,0.6050341820419056,0.9050341820419057,0.7189965474598177,-2,,0.5936689775532256
912,0.5689965474598176,0.8689965474598177,0.6878439777610478,-2,,0.5936689775532256
913,0.5378439777610478,0.8378439777610478,0.647524992691545,-2,,0.5936689775532256
914,0.49752499269154493,0.797524992691545,0.6922569722645054,-2,,0.5936689775532256
915,0.5422569722645054,0.8422569722645055,0.7231539325151803,-2,,0.5936689775532256
916,0.5731539325151803,0.8731539325151804,0.770595644826065,-2,,0.5936689775532256
917,0.620595644826065,0.920595644826065,0.7857625916195644,-2,,0.5936689775532256
918,0.6357625916195644,0.9357625916195644,0.8229035002936858,-2,,0.5936689775532256
919,0.6729035002936857,0.9729035002936858,0.815806112429427,-2,,0.5936689775532256
920,0.665806112429427,0.965806112429427,0.8089137481932208,-2,,0.5936689775532256
921,0.6589137481932208,0.9589137481932208,0.8123738233221484,-2,,0.5936689775532256
922,0.6623738233221483,0.9623738233221484,0.8617281230008331,-2,,0.5936689775532256
923,0.7117281230008331,1.0117281230008333,0.8157680458850495,-2,,0.5936689775532256
924,0.6657680458850495,0.9657680458850495,0.8363477462479982,-2,,0.5936689775532256
925,0.6863477462479982,0.9863477462479983,0.8766466615886119,-2,,0.5936689775532256
926,0.7266466615886119,1.026646661588612,0.8311581361595398,-2,,0.5936689775532256
927,0.6811581361595398,0.9811581361595398,0.8649057105383176,-2,,0.5936689775532256
928,0.7149057105383175,1.0149057105383177,0.8266561487635777,-2,,0.5936689775532256
929,0.6766561487635777,0.9766561487635778,0.8601269151962714,-2,,0.5936689775532256
930,0.7101269151962714,1.0101269151962715,0.8257026822937293,-2,,0.5936689775532256
931,0.6757026822937293,0.9757026822937294,0.8672771680816003,-2,,0.5936689775532256
932,0.7172771680816002,1.0172771680816004,0.8740219794365326,-2,,0.5936689775532256
933,0.7240219794365326,1.0240219794365326,0.8685235849219318,-2,,0.5936689775532256
934,0.7185235849219318,1.0185235849219318,0.8248353019923189,-2,,0.5936689775532256
935,0.6748353019923189,0.9748353019923189,0.8059007205004272,-2,,0.5936689775532256
936,0.6559007205004271,0.9559007205004272,0.7748370696677125,-2,,0.5936689775532256
937,0.6248370696677125,0.9248370696677125,0.8212743891568604,-2,,0.5936689775532256
938,0.6712743891568603,0.9712743891568604,0.780702994505661,-2,,0.5936689775532256
939,0.630702994505661,0.9307029945056611,0.8014873839458059,-2,,0.5936689775532256
940,0.6514873839458059,0.9514873839458059,0.8344893018617087,-2,,0.5936689775532256
941,0.6844893018617086,0.9844893018617087,0.8687047674133959,-2,,0.5936689775532256
942,0.7187047674133958,1.018704767413396,0.9130430025411811,-2,,0.5936689775532256
943,0.7630430025411811,1.0630430025411812,0.9426218590578781,-2,,0.5936689775532256
944,0.7926218590578781,1.0926218590578782,0.9471894284659829,-2,,0.5936689775532256
945,0.7971894284659828,1.0971894284659829,0.9870815860980342,-2,,0.5936689775532256
946,0.8370815860980342,1.1370815860980343,1.0342619679627054,-2,,0.5936689775532256
947,0.8842619679627054,1.1842619679627056,1.032555806909884,-2,,0.5936689775532256
948,0.8825558069098839,1.182555806909884,1.0281961927000685,-2,,0.5936689775532256
949,0.8781961927000684,1.1781961927000686,1.0143560956573348,-2,,0.5936689775532256
950,0.8643560956573347,1.1643560956573349,1.003506779825778,-2,,0.5936689775532256
951,0.8535067798257779,1.153506779825778,0.9612503883518217,-2,,0.5936689775532256
952,0.8112503883518217,1.1112503883518219,0.9892373727390529,-2,,0.5936689775532256
953,0.8392373727390529,1.139237372739053,1.032305821593515,-2,,0.5936689775532256
954,0.882305821593515,1.1823058215935152,1.0435279224529104,-2,,0.5936689775532256
955,0.8935279224529104,1.1935279224529105,1.0092802565846584,-2,,0.5936689775532256
956,0.8592802565846583,1.1592802565846585,0.9798622358859591,-2,,0.5936689775532256
957,0.8298622358859591,1.1298622358859591,0.9517326585011225,-2,,0.5936689775532256
958,0.8017326585011225,1.1017326585011227,0.9533082261299277,-2,,0.5936689775532256
959,0.8033082261299277,1.1033082261299278,1.0010274991213635,-2,,0.5936689775532256
960,0.8510274991213634,1.1510274991213636,0.9746635426597179,-2,,0.5936689775532256
961,0.8246635426597179,1.124663542659718,0.9400237259134937,-2,,0.5936689775532256
962,0.7900237259134937,1.0900237259134937,0.8963565737837496,-2,,0.5936689775532256
963,0.7463565737837495,1.0463565737837497,0.9032135452541231,-2,,0.5936689775532256
964,0.7532135452541231,1.0532135452541231,0.9444584248836873,-2,,0.5936689775532256
965,0.7944584248836872,1.0944584248836873,0.9570573805535953,-2,,0.5936689775532256
966,0.8070573805535953,1.1070573805535955,0.9272441057145495,-2,,0.5936689775532256
967,0.7772441057145495,1.0772441057145496,0.9390229965651078,-2,,0.5936689775532256
968,0.7890229965651078,1.089022996565108,0.9754366794843803,-2,,0.5936689775532256
969,0.8254366794843803,1.1254366794843804,0.9602267570600396,-2,,0.5936689775532256
970,0.8102267570600395,1.1102267570600397,0.9192846629135835,-2,,0.5936689775532256
971,0.7692846629135834,1.0692846629135835,0.9130688194811671,-2,,0.5936689775532256
972,0.7630688194811671,1.0630688194811673,0.9576381846636145,-2,,0.5936689775532256
973,0.8076381846636145,1.1076381846636145,0.9847155060301515,-2,,0.5936689775532256
974,0.8347155060301514,1.1347155060301515,0.988763175247227,-2,,0.5936689775532256
975,0.838763175247227,1.1387631752472271,0.9708365871425721,-2,,0.5936689775532256
976,0.8208365871425721,1.1208365871425723,0.986155775644854,-2,,0.5936689775532256
977,0.836155775644854,1.1361557756448541,0.9796317503257587,-2,,0.5936689775532256
978,0.8296317503257586,1.1296317503257587,0.9524963105919702,-2,,0.5936689775532256
979,0.8024963105919701,1.1024963105919703,0.9193836147532416,-2,,0.5936689775532256
980,0.7693836147532416,1.0693836147532416,0.9630505839397543,-2,,0.5936689775532256
981,0.8130505839397543,1.1130505839397544,0.9237818202230064,-2,,0.5936689775532256
982,0.7737818202230063,1.0737818202230065,0.9235465904595442,-2,,0.5936689775532256
983,0.7735465904595442,1.0735465904595443,0.9243658819373687,-2,,0.5936689775532256
984,0.7743658819373687,1.0743658819373687,0.9180326308712526,-2,,0.5936689775532256
985,0.7680326308712526,1.0680326308712527,0.9166606921383108,-2,,0.5936689775532256
986,0.7666606921383108,1.0666606921383108,0.9144553502122938,-2,,0.5936689775532256
987,0.7644553502122938,1.064455350212294,0.8711379256824401,-2,,0.5936689775532256
988,0.7211379256824401,1.0211379256824402,0.8804335887974017,-2,,0.5936689775532256
989,0.7304335887974017,1.0304335887974019,0.8941944868203068,-2,,0.5936689775532256
990,0.7441944868203068,1.0441944868203068,0.8492778330151545,-2,,0.5936689775532256
991,0.6992778330151544,0.9992778330151545,0.8461783409164216,-2,,0.5936689775532256
992,0.6961783409164216,0.9961783409164217,0.8858538780754914,-2,,0.5936689775532256
993,0.7358538780754914,1.0358538780754916,0.8418869599329136,-2,,0.5936689775532256
994,0.6918869599329136,0.9918869599329136,0.8741083145422943,-2,,0.5936689775532256
995,0.7241083145422943,1.0241083145422945,0.9022840192996888,-2,,0.5936689775532256
996,0.7522840192996888,1.052284019299689,0.8951010056505762,-2,,0.5936689775532256
997,0.7451010056505761,1.0451010056505763,0.9307239060302369,-2,,0.5936689775532256
998,0.7807239060302369,1.080723906030237,0.9438304503174256,-2,,0.5936689775532256
999,0.7938304503174256,1.0938304503174257,0.9600834097540456,-2,,0.5936689775532256
1000,0.8100834097540456,1.1100834097540457,0.9772688286154523,-2,,0.5936689775532256
